-- phpMyAdmin SQL Dump
-- version 4.9.0.1
-- https://www.phpmyadmin.net/
--
-- Хост: 127.0.0.1:3306
-- Время создания: Май 18 2020 г., 21:01
-- Версия сервера: 10.3.13-MariaDB-log
-- Версия PHP: 7.3.9

SET SQL_MODE = "NO_AUTO_VALUE_ON_ZERO";
SET AUTOCOMMIT = 0;
START TRANSACTION;
SET time_zone = "+00:00";


/*!40101 SET @OLD_CHARACTER_SET_CLIENT=@@CHARACTER_SET_CLIENT */;
/*!40101 SET @OLD_CHARACTER_SET_RESULTS=@@CHARACTER_SET_RESULTS */;
/*!40101 SET @OLD_COLLATION_CONNECTION=@@COLLATION_CONNECTION */;
/*!40101 SET NAMES utf8mb4 */;

--
-- База данных: `schoollunch`
--

-- --------------------------------------------------------

--
-- Структура таблицы `breaks`
--

CREATE TABLE `breaks` (
  `id` bigint(20) UNSIGNED NOT NULL,
  `break_time` varchar(255) COLLATE utf8mb4_unicode_ci NOT NULL,
  `break_num` int(10) UNSIGNED NOT NULL,
  `school_id` bigint(20) UNSIGNED NOT NULL
) ENGINE=InnoDB DEFAULT CHARSET=utf8mb4 COLLATE=utf8mb4_unicode_ci;

--
-- Дамп данных таблицы `breaks`
--

INSERT INTO `breaks` (`id`, `break_time`, `break_num`, `school_id`) VALUES
(1, '08:45 - 09:00', 1, 2),
(2, '09:45 - 10:00', 2, 2),
(3, '10:45 - 11:00', 3, 2),
(4, '08:45 - 09:00', 1, 1),
(5, '09:45 - 10:00', 2, 1),
(6, '10:45 - 11:00', 3, 1),
(7, '08:45 - 09:00', 1, 4),
(8, '09:45 - 10:05', 2, 4),
(9, '10:50 - 11:20', 3, 4),
(10, '12:05 - 12:20', 4, 4),
(11, '13:05 - 13:25', 5, 4),
(12, '14:10 - 14:55', 6, 4),
(13, '08:45 - 09:00', 1, 5),
(14, '11:45 - 12:00', 4, 1),
(15, '12:45 - 13:05', 5, 1);

-- --------------------------------------------------------

--
-- Структура таблицы `categories`
--

CREATE TABLE `categories` (
  `id` bigint(20) UNSIGNED NOT NULL,
  `name` varchar(255) COLLATE utf8mb4_unicode_ci NOT NULL
) ENGINE=InnoDB DEFAULT CHARSET=utf8mb4 COLLATE=utf8mb4_unicode_ci;

--
-- Дамп данных таблицы `categories`
--

INSERT INTO `categories` (`id`, `name`) VALUES
(1, 'Початкова школа (1-4 класи)'),
(2, 'Молодші класи (5-9 класи)'),
(3, 'Старші класи (10-11 класи)');

-- --------------------------------------------------------

--
-- Структура таблицы `children_parents`
--

CREATE TABLE `children_parents` (
  `id` bigint(20) UNSIGNED NOT NULL,
  `parent_id` bigint(20) UNSIGNED NOT NULL,
  `child_id` bigint(20) UNSIGNED NOT NULL,
  `created_at` timestamp NULL DEFAULT NULL,
  `updated_at` timestamp NULL DEFAULT NULL,
  `confirmed_at` datetime DEFAULT NULL
) ENGINE=InnoDB DEFAULT CHARSET=utf8mb4 COLLATE=utf8mb4_unicode_ci;

--
-- Дамп данных таблицы `children_parents`
--

INSERT INTO `children_parents` (`id`, `parent_id`, `child_id`, `created_at`, `updated_at`, `confirmed_at`) VALUES
(6, 2, 5, NULL, '2020-03-28 18:33:20', '2020-03-28 20:33:20'),
(8, 7, 5, NULL, '2020-03-28 18:34:04', '2020-03-28 20:34:04'),
(14, 2, 16, '2020-05-04 20:59:06', '2020-05-04 20:59:10', '2020-05-04 23:59:10');

-- --------------------------------------------------------

--
-- Структура таблицы `courses`
--

CREATE TABLE `courses` (
  `id` bigint(20) UNSIGNED NOT NULL,
  `rc` bigint(20) NOT NULL,
  `name` varchar(255) COLLATE utf8mb4_unicode_ci NOT NULL,
  `type_id` bigint(20) UNSIGNED NOT NULL,
  `albumens` double NOT NULL,
  `fats` double NOT NULL,
  `carbonhydrates` double NOT NULL,
  `calories` double NOT NULL,
  `recipe` text COLLATE utf8mb4_unicode_ci NOT NULL,
  `description` text COLLATE utf8mb4_unicode_ci NOT NULL,
  `photo` varchar(255) COLLATE utf8mb4_unicode_ci DEFAULT NULL,
  `costs` double DEFAULT NULL,
  `notes` varchar(255) COLLATE utf8mb4_unicode_ci DEFAULT NULL,
  `created_at` timestamp NULL DEFAULT NULL,
  `updated_at` timestamp NULL DEFAULT NULL
) ENGINE=InnoDB DEFAULT CHARSET=utf8mb4 COLLATE=utf8mb4_unicode_ci;

--
-- Дамп данных таблицы `courses`
--

INSERT INTO `courses` (`id`, `rc`, `name`, `type_id`, `albumens`, `fats`, `carbonhydrates`, `calories`, `recipe`, `description`, `photo`, `costs`, `notes`, `created_at`, `updated_at`) VALUES
(6, 29, 'Суп з гарбузом', 1, 4.2, 1.2, 65.9, 291.2, '1. Приготувати овочевий бульйон. Невеликим кубиком нарізати попередньо підготовлені селеру та моркву. Підготовлену цибулю\r\nрозрізати навпіл. Додати овочі в киплячу воду. Варити 20 хвилин, додати часник, лавровий лист, духмяний перець. Цибулю вийняти через 30 хвилин кипіння бульйону. Додати сіль.\r\n2. Окремо зварити перлову крупу. На 1 кг перловки 5 л води. Тривалість варки 20 хвилин, до напівготовності. Готову крупу промити холодною водою.\r\n3. Гарбуз очистити, нарізати кубиком. Капусту нашаткувати. До бульйону додати капусту та гарбуз. Проварити ще 10 хв.\r\nНаприкінці варки додати перлову крупу.', 'Зовнішній вигляд:\r\nовочі в рідині, що зберегли форму нарізання, або частково розварені.\r\nКонсистенція:\r\nовочів – м’яка, капусти та гарбуза – пружна.\r\nКолір:\r\nвластивий вареним овочам.\r\nЗапах та смак:\r\nв міру солоний, без сторонніх присмаку та запаху.', 'rc29.jpg', NULL, NULL, '2020-04-06 23:03:45', '2020-05-13 21:51:16'),
(7, 4, 'Салат з буряком, картоплею, та квашеною капустою', 4, 17.5, 51.5, 91.6, 899.5, '1. Підготовлені овочі відварити у воді до готовності. Охолоджені овочі почистити від шкірки та нарізати: картоплю – кільцями, а потім кільця на четвертини, а буряк – кубиками.\r\n2. Капусту квашену перебрати, віджати вологу, потім нашаткувати.\r\n3. Всі інгредієнти з’єднати, заправити олією та сіллю.', 'Зовнішній вигляд:\r\nовочі відварені, нарізані, заправлені олією.\r\nКонсистенція:\r\nовочі в міру пружні, не переварені, капуста квашена в міру хрумка.\r\nКолір:\r\nвластивий використаним компонентам.\r\nЗапах та смак:\r\nвластиві використаним овочам, без сторонніх присмаку та запаху.', 'rc4.jpg', NULL, NULL, '2020-04-07 18:35:11', '2020-05-13 22:18:30'),
(8, 39, 'Фалафель', 5, 101, 11, 313, 1755, '1. Замочити квасолю у воді на 20 хв. Відварити до готовності.\r\n2. Відварену квасолю перетерти за допомогою м\'ясорубки. Додати до квасолевої маси яйце, борошно, перець та перемішати.\r\n3. Сформувати кульки. Запікати у духовій шафі при температурі 180 0С протягом 10 хв.', 'Зовнішній вигляд:\r\nквасолеві кульки, маса та форма рівномірна.\r\nКолір:\r\nсвітло-коричневий.\r\nЗапах та смак:\r\nприємні, характерні для вареної квасолі, смак в міру солоний.\r\nКонсистенція:\r\nм’яка, соковита, пухка.', 'rc39.jpg', NULL, NULL, '2020-04-07 18:42:37', '2020-05-13 22:19:26'),
(9, 53, 'Кебаб з сиром', 2, 231.6, 185, 3.2, 2604.6, '1. Нарізане на шматки котлетне м\'ясо подрібнити на м\'ясорубці. Додати яйце, хмелі-сунелі та сіль. Змішати фарш.\r\n2. Сир розім\'яти до однорідного стану.\r\n3. Котлетну масу розділити на порції, округлити та приплюснути, всередину вкласти кисломолочний сир та сформувати напівфабрикати овальної форми.\r\n4. Вкласти на деко, змащене олією.\r\n5. Запекти в духовій шафі за температури 220-240 0С протягом 20 хвилин. \r\nПосипати сушеним кропом.', 'Зовнішній вигляд:\r\nвиріб овально-приплюснутої форми, зверху вкритий рум’яною скоринкою, посипаний сушеним кропом. Начинка повністю закрита оболонкою м’ясного фаршу.\r\nКолір:\r\nповерхня золотава, на зрізі – сіра, з включенням кисломолочного сиру; не допускається рожево-червоне забарвлення.\r\nЗапах та смак:\r\nхарактерні для запеченого м\'яса та кисломолочного сиру, спецій, смак в міру солоний.\r\nКонсистенція:\r\nм’яка, соковита, пухка.', 'rc53.jpg', NULL, NULL, '2020-04-07 19:07:17', '2020-05-13 22:19:53'),
(10, 85, 'Панкейки бурякові', 6, 53.3, 72.7, 381, 2391, '1. Буряк зварити, почистити та подрібнити на терці.\r\n2. Поєднати натертий буряк з яйцем, розпушувачем і борошном, сіллю, цукром та корицею. Ретельно перемішати тісто до однорідного стану.\r\n3. Розігріти на пательні олію.\r\n4. На пательню викласти ложкою тісто у формі млинчиків. Обсмажити бурякові панкейки по декілька хвилин з кожної сторони.\r\n5. Смажені панкейки відправити у духову шафу з температурою 180 0С на 10 хв, щоб пропеклися в середині.', 'Зовнішній вигляд:\r\nвироби овальної або круглої форми, поверхня рівномірно зарум’янена з обох боків, не підгоріла.\r\nКолір:\r\nповерхні – коричневий, на розрізі темно-вишневий.\r\nСмак і запах:\r\nсолодкуватий, буряковий з ароматом підсмаженої скоринки.\r\nКонсистенція:\r\nоднорідна.', 'rc85.jpg', NULL, NULL, '2020-04-07 19:13:13', '2020-05-13 22:20:17'),
(11, 91, 'Олія ароматна', 7, 0, 999, 0, 8840, '1. Олію соняшникову нагріти до 60 0С протягом (40-60) секунд.\r\n2. До нагрітої олії додати сушену м’яту та орегано, перемішати, зняти з вогню, охолодити та залишити настоятися протягом 5-7 діб в темному місці при кімнатній температурі, уникаючи попадання сонячних променів.', 'Зовнішній вигляд:\r\nпрозора рідина з включеннями шматочків зелені.\r\nКонсистенція:\r\nрідка.\r\nКолір:\r\nжовтий, золотавий, з темно-зеленими\r\nвключеннями.\r\nЗапах та смак:\r\nвластивий з легким ароматом м’яти та орегано.', 'rc91.jpg', NULL, NULL, '2020-04-07 19:28:41', '2020-05-13 22:20:28'),
(12, 99, 'Соус бешамель', 7, 37.6, 23.8, 87, 712.8, '1. Розтопити вершкове масло, спасерувати на маслі борошно до золотавого кольору.\r\n2. Додати в молоко мускатний горіх.\r\n3. Поступово, перемішуючи, додати молоко в пасероване борошно, довести на слабкому вогні соус до консистенції густої сметани.', 'Зовнішній вигляд:\r\nгуста однорідна маса.\r\nКонсистенція:\r\nгуста, повільно ллється.\r\nКолір:\r\nвід світло-жовтий.\r\nЗапах та смак:\r\nмолочний, мускатний,  без стороннього присмаку та запаху.', 'rc99.jpg', NULL, NULL, '2020-04-07 19:32:58', '2020-05-13 22:20:43'),
(13, 106, 'Лимонад', 8, 0, 0, 130, 520, '1. Частину води проварити з цукром та меленим імбиром.\r\n2. Другу частину води розвести з лимонною кислотою.\r\n3. Поєднати.\r\n4. Дати остигнути.\r\n5. При подачі кожен стакан прикрасити 1/4 кільця лимону.', 'Зовнішній вигляд:\r\nнапівпрозора рідина.\r\nКолір:\r\nсвітло-жовтий.\r\nСмак і запах:\r\nкисло-солодкий, з присмаком імбиру.\r\nКонсистенція:\r\nоднорідна, рідка.', 'rc106.jpg', NULL, NULL, '2020-04-07 19:38:32', '2020-05-13 22:20:54'),
(14, 107, 'Чай масала', 8, 5.1, 1.5, 55.5, 255.9, '1. Зварити чорний чай зі спеціями та цукром. Додати молоко.\r\n2. Довести чай до кипіння повторно, потім зняти з вогню.', 'Зовнішній вигляд:\r\nрідина, без плівки на поверхні.\r\nКолір:\r\nсвітло-коричневий.\r\nСмак і запах:\r\nприємний з терпкістю,\r\nз присмаком і ароматом молока.\r\nКонсистенція:\r\nрідка.', 'rc107.jpg', NULL, NULL, '2020-04-07 19:49:26', '2020-05-13 22:21:08'),
(15, 5, 'Салат з буряком та сухариками', 4, 37.5, 53.6, 217.3, 1501.7, '1. Підготовлені буряки відварити у воді до готовності. Охолоджені буряки почистити та нарізати тонкими брусочками.\r\n2. Хліб нарізати невеличкими кубиками, підсушити у духовці за температури 140-160 0С, дати остигнути та подрібнити.\r\n3. Нарізаний буряк заправити олією та сіллю.\r\n4. Салат викласти на тарілку, посипати подрібненими сухариками з хлібу.', 'Зовнішній вигляд:\r\nварений буряк, нарізаний брусочками, заправлений олією, посипаний сухарями.\r\nКонсистенція:\r\nв міру пружна, буряк не переварений.\r\nКолір:\r\nвластивий використаним компонентам.\r\nЗапах та смак:\r\nвластиві використаним овочам, зі шматочками сухарів, без стороннього присмаку та запаху.', 'rc5.jpg', NULL, NULL, '2020-04-07 19:54:00', '2020-05-13 22:18:48'),
(16, 31, 'Авголемоно', 1, 4.5, 16.8, 27.7, 280.3, '1. Підготовлені моркву та селеру подрібнити на крупній терці. Цибулю розрізати навпіл. Додати в киплячу воду. Через 15 хвилин варіння вийняти цибулю, додати сіль.\r\n2. Почищену картоплю нарізати кубиками середнього розміру, додати в суп. Варити ще 10 хвилин та додати вершкове масло.\r\n3. Окремо приготувати заправку.\r\nДля цього в окремій посудині жовтки змішати з водою, в якій попередньо розчинена лимонна кислота.\r\n4. За 5 хвилин до кінця варки додати заправку, інтенсивно перемішуючи суп.', 'Зовнішній вигляд:\r\nовочі, що зберегли форму нарізання або частково розварені.\r\nКонсистенція:\r\nовочів – м’яка.\r\nКолір:\r\nрідини – світло-жовтий, овочів – властивий використаним овочам після термічної обробки.\r\nЗапах та смак:\r\nв міру солоний, з легкою кислинкою.', 'rc31.jpg', NULL, NULL, '2020-04-07 20:10:22', '2020-05-13 21:52:24'),
(17, 40, 'Полента (каша кукурудзяна)', 5, 29.2, 27.1, 184, 1096.7, '1. Молоко та воду змішати з крупою в глибокому деко.\r\n2. Зубчики часнику притиснути ножем або рукою. Викласти зверху на крупу разом з шматочками масла. За необхідності додати трохи води.\r\n3. Поставити деко у духову шафу з температурою 180-200 0С.\r\n4. Запекти до отримання м’якої та одночасно пружної текстури поленти.\r\nВийняти з страви часник.', 'Зовнішній вигляд:\r\nкаша однорідна, зберігає форму, зерна крупи частково розварені, не розділяються.\r\nКолір:\r\nсвітло-жовтий.\r\nСмак і запах:\r\nхарактерні для кукурудзяної каші, не допускається запаху підгорілого молока.\r\nКонсистенція:\r\nв’язка.', 'rc40.jpg', NULL, NULL, '2020-04-07 20:14:35', '2020-05-13 22:19:41'),
(18, 56, 'Курка з паприкою', 2, 301.2, 98.6, 23.2, 2184.9, '1. Куряче філе зачистити, нарізати на тонкі шматочки та відбити. Змішати з паприкою, сіллю, перцем та соняшниковою олією.\r\n2. Змастити деко олією. Запекти філе в духовій шафі за температури 220-240 0С до готовності (15-20 хв.).', 'Зовнішній вигляд:\r\nвиріб овально-приплюснутої форми, зверху вкритий рум’яною скоринкою.\r\nКолір:\r\nповерхня золотава, на зрізі сіра.\r\nСмак і запах:\r\nприємні характерні для запеченої птиці та спецій. Смак в міру солоний.\r\nКонсистенція:\r\nм’яка, соковита, ніжна.', 'rc56.jpg', NULL, NULL, '2020-04-07 20:51:54', '2020-05-13 22:20:03'),
(31, 6, 'Салат з запеченої капусти', 4, 13, 51, 59.7, 749.2, '1. Підготовлену капусту розрізати на чотири частини. Викласти в форму для запікання та полити олією.\r\n2. Капусту запекти у духовій шафі до пом’якшення, але щоб залишилася в міру хрумкою та пружною, приблизно 1,5 години при температурі 200 0С.\r\n3. Запечену капусту перебрати, відділити пригорілі листки. Підготовлену капусту нарізати доволі великими шматками.\r\n4. Шматки капусти полити лимонним соком, заправити сіллю та мускатним горіхом.', 'Зовнішній вигляд:\r\nзапечена, нарізана капуста, заправлена лимонним соком, з включеннями спецій.\r\nКонсистенція:\r\nв міру пружна.\r\nКолір:\r\nвластивий використаним компонентам.\r\nЗапах та смак:\r\nвластиві, з лимонною кислинкою, з присмаком мускатного горіху, без стороннього присмаку та запаху.', 'rc6.jpg', NULL, NULL, '2020-05-17 21:20:40', '2020-05-17 21:20:40'),
(32, 7, 'Салат з капусти з ароматною олією', 4, 12.5, 51, 57, 737.6, '1. Налити в сотейник або в каструльку з товстим дном олію, додати сушений кріп та прогріти її на слабкому вогні протягом 5 хвилин.\r\n2. Підготовлену капусту нашаткувати.\r\n3. Нашатковану капусту заправити ароматною олією та сіллю.', 'Зовнішній вигляд:\r\nнашаткована, заправлена капуста.\r\nКонсистенція:\r\nв міру хрумка.\r\nКолір:\r\nвластивий використаним компонентам.\r\nЗапах та смак:\r\nвластиві свіжій капусті в поєднанні з легким ароматом кропу.', 'rc7.jpg', NULL, NULL, '2020-05-17 21:24:51', '2020-05-17 21:24:51');

-- --------------------------------------------------------

--
-- Структура таблицы `courses_lunches`
--

CREATE TABLE `courses_lunches` (
  `id` bigint(20) UNSIGNED NOT NULL,
  `lunch_id` bigint(20) UNSIGNED NOT NULL,
  `course_id` bigint(20) UNSIGNED NOT NULL,
  `size_id` bigint(20) UNSIGNED NOT NULL
) ENGINE=InnoDB DEFAULT CHARSET=utf8mb4 COLLATE=utf8mb4_unicode_ci;

--
-- Дамп данных таблицы `courses_lunches`
--

INSERT INTO `courses_lunches` (`id`, `lunch_id`, `course_id`, `size_id`) VALUES
(1, 1, 6, 5),
(2, 4, 6, 5),
(3, 4, 9, 5),
(4, 5, 6, 5),
(5, 5, 9, 5),
(6, 5, 7, 5),
(7, 5, 8, 5),
(8, 5, 10, 5),
(9, 5, 13, 5),
(10, 6, 16, 4),
(11, 6, 18, 4),
(12, 6, 15, 4),
(13, 6, 17, 4),
(14, 6, 10, 4),
(15, 6, 11, 2),
(16, 6, 13, 4),
(17, 9, 6, 5),
(18, 9, 9, 5),
(19, 9, 7, 5),
(20, 9, 8, 5),
(21, 9, 10, 5),
(22, 9, 11, 1),
(23, 9, 13, 7),
(24, 10, 16, 5),
(25, 10, 9, 5),
(26, 10, 15, 5),
(27, 10, 17, 5),
(28, 10, 10, 5),
(29, 10, 12, 1),
(30, 10, 14, 5),
(31, 11, 6, 7),
(32, 11, 18, 7),
(33, 11, 7, 7),
(34, 11, 8, 7),
(35, 11, 10, 7),
(37, 11, 13, 7),
(39, 11, 11, 2),
(40, 16, 6, 5),
(41, 16, 9, 5),
(42, 16, 7, 5),
(43, 16, 8, 5),
(44, 16, 10, 5),
(45, 16, 11, 2),
(46, 16, 13, 5);

-- --------------------------------------------------------

--
-- Структура таблицы `courses_products`
--

CREATE TABLE `courses_products` (
  `id` bigint(20) UNSIGNED NOT NULL,
  `course_id` bigint(20) UNSIGNED NOT NULL DEFAULT 1,
  `product_id` bigint(20) UNSIGNED NOT NULL DEFAULT 1,
  `brutto` double NOT NULL,
  `netto` double NOT NULL
) ENGINE=InnoDB DEFAULT CHARSET=utf8mb4 COLLATE=utf8mb4_unicode_ci;

--
-- Дамп данных таблицы `courses_products`
--

INSERT INTO `courses_products` (`id`, `course_id`, `product_id`, `brutto`, `netto`) VALUES
(3, 6, 3, 6, 6),
(4, 6, 17, 75, 60),
(5, 6, 18, 71.4, 50),
(6, 6, 19, 47.6, 35),
(7, 6, 20, 29.4, 20),
(8, 6, 21, 59.5, 50),
(9, 6, 22, 71.4, 70),
(10, 6, 23, 770, 770),
(11, 6, 24, 25.6, 20),
(12, 6, 25, 0.04, 0.04),
(13, 6, 26, 0.04, 0.04),
(14, 7, 3, 5, 5),
(15, 7, 4, 50, 50),
(16, 7, 14, 775.5, 570),
(17, 7, 15, 326.5, 190),
(18, 7, 27, 271.4, 190),
(19, 8, 2, 2, 2),
(20, 8, 3, 20, 20),
(21, 8, 4, 40, 40),
(22, 8, 9, 102, 100),
(23, 8, 23, 1500, 1500),
(24, 8, 28, 534, 524),
(25, 8, 29, 110, 110),
(26, 8, 30, 40, 40),
(27, 9, 1, 1462, 1096),
(28, 9, 3, 20, 20),
(29, 9, 4, 60, 60),
(30, 9, 30, 80, 80),
(31, 9, 31, 4, 4),
(32, 9, 32, 80, 80),
(33, 9, 33, 5, 5),
(34, 10, 3, 4.1, 4.1),
(35, 10, 4, 60, 60),
(36, 10, 9, 312.2, 306),
(37, 10, 14, 897.5, 673.1),
(38, 10, 23, 81.6, 81.6),
(39, 10, 30, 81.6, 81.6),
(40, 10, 34, 14.3, 14.3),
(41, 10, 35, 4.1, 4.1),
(42, 10, 36, 83.3, 81.6),
(43, 10, 37, 1173, 1173),
(44, 11, 4, 1000, 1000),
(45, 11, 38, 12, 12),
(46, 11, 39, 20, 20),
(47, 12, 9, 53, 52),
(48, 12, 12, 950, 950),
(49, 12, 40, 17, 17),
(50, 12, 41, 6, 6),
(51, 13, 23, 860, 860),
(52, 13, 36, 130, 130),
(53, 13, 42, 5, 5),
(54, 13, 43, 5, 5),
(55, 14, 12, 150, 150),
(56, 14, 23, 800, 800),
(57, 14, 36, 45, 45),
(58, 14, 45, 4.5, 4.5),
(59, 14, 46, 3, 3),
(60, 14, 47, 1.5, 1.5),
(61, 14, 48, 1, 1),
(62, 15, 3, 5, 5),
(63, 15, 4, 50, 50),
(64, 15, 14, 1088.4, 800),
(65, 15, 16, 220, 200),
(66, 16, 3, 5, 5),
(67, 16, 15, 137.5, 80),
(68, 16, 19, 122.4, 90),
(69, 16, 20, 147.1, 100),
(70, 16, 21, 17.9, 15),
(71, 16, 23, 670, 670),
(72, 16, 40, 20, 20),
(73, 16, 42, 1, 1),
(74, 16, 50, 20, 20),
(75, 17, 3, 20, 20),
(76, 17, 12, 310, 310),
(77, 17, 23, 400, 400),
(78, 17, 24, 25.6, 20),
(79, 17, 40, 20, 20),
(80, 17, 51, 235, 230),
(81, 18, 2, 1.5, 1.5),
(82, 18, 3, 30, 30),
(83, 18, 4, 100, 100),
(84, 18, 52, 1389, 1250),
(85, 18, 53, 3, 3),
(98, 31, 17, 1237.5, 990),
(99, 31, 41, 2, 2),
(100, 31, 55, 23.8, 10),
(101, 31, 4, 50, 50),
(102, 31, 3, 5, 5),
(103, 32, 17, 1181.25, 945),
(104, 32, 4, 50, 50),
(105, 32, 33, 0.5, 0.5);

-- --------------------------------------------------------

--
-- Структура таблицы `failed_jobs`
--

CREATE TABLE `failed_jobs` (
  `id` bigint(20) UNSIGNED NOT NULL,
  `connection` text COLLATE utf8mb4_unicode_ci NOT NULL,
  `queue` text COLLATE utf8mb4_unicode_ci NOT NULL,
  `payload` longtext COLLATE utf8mb4_unicode_ci NOT NULL,
  `exception` longtext COLLATE utf8mb4_unicode_ci NOT NULL,
  `failed_at` timestamp NOT NULL DEFAULT current_timestamp()
) ENGINE=InnoDB DEFAULT CHARSET=utf8mb4 COLLATE=utf8mb4_unicode_ci;

-- --------------------------------------------------------

--
-- Структура таблицы `lunches`
--

CREATE TABLE `lunches` (
  `id` bigint(20) UNSIGNED NOT NULL,
  `number` bigint(20) NOT NULL,
  `category_id` bigint(20) UNSIGNED NOT NULL,
  `privileged` tinyint(1) NOT NULL DEFAULT 0,
  `created_at` timestamp NULL DEFAULT NULL,
  `updated_at` timestamp NULL DEFAULT NULL
) ENGINE=InnoDB DEFAULT CHARSET=utf8mb4 COLLATE=utf8mb4_unicode_ci;

--
-- Дамп данных таблицы `lunches`
--

INSERT INTO `lunches` (`id`, `number`, `category_id`, `privileged`, `created_at`, `updated_at`) VALUES
(1, 1, 2, 0, NULL, NULL),
(4, 2, 1, 0, '2020-04-14 22:25:39', '2020-04-14 22:25:39'),
(5, 3, 2, 0, '2020-04-16 21:12:22', '2020-04-16 21:12:22'),
(6, 4, 2, 1, '2020-04-16 21:38:09', '2020-04-16 21:38:09'),
(9, 5, 2, 0, '2020-04-18 22:00:44', '2020-04-18 22:00:44'),
(10, 6, 2, 0, '2020-05-02 12:19:09', '2020-05-02 12:19:09'),
(11, 7, 2, 0, '2020-05-02 12:25:07', '2020-05-02 12:25:07'),
(16, 8, 1, 0, '2020-05-11 09:13:06', '2020-05-11 09:13:06');

-- --------------------------------------------------------

--
-- Структура таблицы `menus`
--

CREATE TABLE `menus` (
  `id` bigint(20) UNSIGNED NOT NULL,
  `date` date NOT NULL,
  `school_id` bigint(20) UNSIGNED NOT NULL,
  `break_id` bigint(20) UNSIGNED NOT NULL,
  `lunch_id` bigint(20) UNSIGNED DEFAULT NULL,
  `privileged` tinyint(1) NOT NULL DEFAULT 0,
  `created_at` timestamp NULL DEFAULT NULL,
  `updated_at` timestamp NULL DEFAULT NULL
) ENGINE=InnoDB DEFAULT CHARSET=utf8mb4 COLLATE=utf8mb4_unicode_ci;

--
-- Дамп данных таблицы `menus`
--

INSERT INTO `menus` (`id`, `date`, `school_id`, `break_id`, `lunch_id`, `privileged`, `created_at`, `updated_at`) VALUES
(1, '2020-05-18', 2, 2, 4, 0, '2020-04-18 19:37:40', '2020-04-18 19:37:40'),
(2, '2020-04-20', 2, 1, 4, 0, '2020-04-18 21:10:02', '2020-04-18 21:10:02'),
(3, '2020-05-18', 1, 6, 9, 0, '2020-04-18 22:02:12', '2020-04-18 22:02:12'),
(4, '2020-05-18', 2, 1, 5, 0, '2020-04-19 09:06:38', '2020-04-19 09:06:38'),
(5, '2020-05-19', 2, 1, 5, 0, '2020-04-19 09:06:38', '2020-04-19 09:06:38'),
(6, '2020-05-20', 2, 1, 5, 0, '2020-04-19 09:06:38', '2020-04-19 09:06:38'),
(8, '2020-05-19', 1, 4, 16, 0, '2020-05-11 18:34:35', '2020-05-11 18:56:18'),
(9, '2020-05-19', 1, 5, 16, 0, '2020-05-11 18:34:53', '2020-05-11 18:56:18');

-- --------------------------------------------------------

--
-- Структура таблицы `menu_schoolclasses`
--

CREATE TABLE `menu_schoolclasses` (
  `id` bigint(20) UNSIGNED NOT NULL,
  `menu_id` bigint(20) UNSIGNED NOT NULL,
  `school_class_id` bigint(20) UNSIGNED NOT NULL
) ENGINE=InnoDB DEFAULT CHARSET=utf8mb4 COLLATE=utf8mb4_unicode_ci;

-- --------------------------------------------------------

--
-- Структура таблицы `migrations`
--

CREATE TABLE `migrations` (
  `id` int(10) UNSIGNED NOT NULL,
  `migration` varchar(255) COLLATE utf8mb4_unicode_ci NOT NULL,
  `batch` int(11) NOT NULL
) ENGINE=InnoDB DEFAULT CHARSET=utf8mb4 COLLATE=utf8mb4_unicode_ci;

--
-- Дамп данных таблицы `migrations`
--

INSERT INTO `migrations` (`id`, `migration`, `batch`) VALUES
(23, '2014_10_12_000000_create_users_table', 1),
(24, '2014_10_12_100000_create_password_resets_table', 1),
(25, '2019_08_19_000000_create_failed_jobs_table', 1),
(26, '2020_02_23_003214_create_table_roles', 1),
(27, '2020_02_23_010837_create_permissions_table', 1),
(28, '2020_02_23_011104_create_roles_permissions_table', 1),
(29, '2020_02_23_011307_create_users_roles_table', 1),
(30, '2020_02_23_012602_change_users_roles_table', 1),
(31, '2020_02_23_012614_change_roles_permissions_table', 1),
(33, '2020_02_23_222422_change_users_table', 2),
(34, '2020_02_25_144356_add_role_description', 3),
(35, '2020_02_25_144431_add_permission_description', 3),
(39, '2020_03_06_231605_create_schools_table', 4),
(40, '2020_03_15_145847_add_cook_to_schools_table', 5),
(41, '2020_03_16_010039_create_breaks_table', 6),
(45, '2020_03_19_011016_create_schoolclasses_table', 7),
(46, '2020_03_19_183617_create_categories_table', 8),
(47, '2020_03_19_184106_add_category_column_to_schoolclasses_table', 9),
(48, '2020_03_20_210810_create_students_table', 10),
(49, '2020_03_21_154513_create_children_parents_table', 11),
(52, '2020_03_28_220630_create_products_table', 12),
(53, '2020_03_28_221055_create_types_table', 12),
(54, '2020_03_28_221256_create_courses_table', 12),
(55, '2020_03_29_003350_create_courses_products_table', 12),
(56, '2020_03_30_002517_create_sizes_table', 12),
(57, '2020_04_01_235910_edit_types_table', 13),
(58, '2020_04_06_180415_edit_courses_table', 14),
(59, '2020_04_07_204126_add_rc_column_to_courses_table', 15),
(62, '2020_04_08_210419_create_lunches_table', 16),
(66, '2020_04_08_220800_create_courses_lunches_table', 17),
(80, '2020_04_15_015936_create_menus_table', 18),
(81, '2020_04_18_160505_create_menu_schoolclass_table', 18);

-- --------------------------------------------------------

--
-- Структура таблицы `password_resets`
--

CREATE TABLE `password_resets` (
  `email` varchar(255) COLLATE utf8mb4_unicode_ci NOT NULL,
  `token` varchar(255) COLLATE utf8mb4_unicode_ci NOT NULL,
  `created_at` timestamp NULL DEFAULT NULL
) ENGINE=InnoDB DEFAULT CHARSET=utf8mb4 COLLATE=utf8mb4_unicode_ci;

-- --------------------------------------------------------

--
-- Структура таблицы `permissions`
--

CREATE TABLE `permissions` (
  `id` bigint(20) UNSIGNED NOT NULL,
  `name` varchar(255) COLLATE utf8mb4_unicode_ci NOT NULL,
  `description` varchar(255) COLLATE utf8mb4_unicode_ci NOT NULL
) ENGINE=InnoDB DEFAULT CHARSET=utf8mb4 COLLATE=utf8mb4_unicode_ci;

--
-- Дамп данных таблицы `permissions`
--

INSERT INTO `permissions` (`id`, `name`, `description`) VALUES
(1, 'Child_Select', 'Обрати дитину'),
(2, 'View_Menu', 'Перегляд меню'),
(3, 'Evaluate_Menu', 'Оцінити меню'),
(4, 'Comment_Menu', 'Коментувати меню'),
(5, 'Fill_Class', 'Заповнити клас'),
(6, 'Parent_Confirm', 'Підтвердити батьків'),
(7, 'Publish_Photo', 'Опублікувати світлину обіду'),
(8, 'Course_Create', 'Створити страву'),
(9, 'Menu_Create', 'Створити меню'),
(10, 'Classes_List_Create', 'Створити перелік класів'),
(11, 'Class_Edit', 'Редагувати клас'),
(12, 'User_Register', 'Зареєструвати користувача'),
(13, 'School_Register', 'Зареєструвати школу'),
(14, 'School_Admin_Assign', 'Призначити адміністратора школи'),
(15, 'School_Cook_Assign', 'Призначити технолога шкільного комбінату харчування'),
(16, 'View_Admin', 'Доступ до адміністрування системи'),
(17, 'View_School_Admin', 'Доступ до адміністрування школи'),
(18, 'View_Class', 'Доступ до адміністрування класу'),
(19, 'View_Cook', 'Доступ до адміністрування шкільного комбінату харчування'),
(20, 'Roles_Edit', 'Редагування ролей'),
(21, 'School_Edit', 'Адміністрування школи');

-- --------------------------------------------------------

--
-- Структура таблицы `products`
--

CREATE TABLE `products` (
  `id` bigint(20) UNSIGNED NOT NULL,
  `name` varchar(255) COLLATE utf8mb4_unicode_ci NOT NULL,
  `costs` double DEFAULT NULL
) ENGINE=InnoDB DEFAULT CHARSET=utf8mb4 COLLATE=utf8mb4_unicode_ci;

--
-- Дамп данных таблицы `products`
--

INSERT INTO `products` (`id`, `name`, `costs`) VALUES
(1, 'Яловичина', NULL),
(2, 'Перець чорний мелений', NULL),
(3, 'Сіль харчова', NULL),
(4, 'Олія соняшникова рафінована', NULL),
(5, 'Яловича відбивна готова', NULL),
(6, 'Булка для бургера', NULL),
(7, 'Капуста пекінська', NULL),
(8, 'Огірок солоний', NULL),
(9, 'Борошно пшеничне в/г', NULL),
(11, 'Дріжджі пресовані', NULL),
(12, 'Молоко', NULL),
(14, 'Буряк', NULL),
(15, 'Картопля', NULL),
(16, 'Хліб пшеничний', NULL),
(17, 'Капуста білокачанна', NULL),
(18, 'Гарбуз', NULL),
(19, 'Морква', NULL),
(20, 'Селера корінь', NULL),
(21, 'Цибуля ріпчаста', NULL),
(22, 'Крупа перлова', NULL),
(23, 'Вода питна', NULL),
(24, 'Часник', NULL),
(25, 'Перець духмяний', NULL),
(26, 'Лист лавровий', NULL),
(27, 'Капуста квашена', NULL),
(28, 'Квасоля', NULL),
(29, 'Квасоля варена', NULL),
(30, 'Яйця курячі', NULL),
(31, 'Хмелі-сунелі', NULL),
(32, 'Сир кисломолочний', NULL),
(33, 'Кріп сушений', NULL),
(34, 'Розпушувач', NULL),
(35, 'Кориця мелена', NULL),
(36, 'Цукор', NULL),
(37, 'Готове тісто', NULL),
(38, 'М’яти перцевої листя сушені', NULL),
(39, 'Орегано сушений', NULL),
(40, 'Масло вершкове', NULL),
(41, 'Мускатний горіх мелений', NULL),
(42, 'Лимонна кислота', NULL),
(43, 'Імбир мелений', NULL),
(45, 'Чай чорний', NULL),
(46, 'Ванільний цукор', NULL),
(47, 'Кориця', NULL),
(48, 'Гвоздика', NULL),
(49, 'Заправка', NULL),
(50, 'Жовток яєчний', NULL),
(51, 'Крупа кукурудзяна', NULL),
(52, 'Філе куряче', NULL),
(53, 'Паприка мелена', NULL),
(55, 'Сік лимонний зі свіжих лимонів', NULL);

-- --------------------------------------------------------

--
-- Структура таблицы `roles`
--

CREATE TABLE `roles` (
  `id` bigint(20) UNSIGNED NOT NULL,
  `name` varchar(255) COLLATE utf8mb4_unicode_ci NOT NULL,
  `description` varchar(255) COLLATE utf8mb4_unicode_ci NOT NULL
) ENGINE=InnoDB DEFAULT CHARSET=utf8mb4 COLLATE=utf8mb4_unicode_ci;

--
-- Дамп данных таблицы `roles`
--

INSERT INTO `roles` (`id`, `name`, `description`) VALUES
(1, 'Parent', 'Батьки'),
(2, 'ClassTeacher', 'Класний керівник'),
(3, 'Cook', 'Технолог шкільного комбінату харчування'),
(4, 'SchoolAdmin', 'Адміністратор школи'),
(5, 'Admin', 'Системний адміністратор');

-- --------------------------------------------------------

--
-- Структура таблицы `roles_permissions`
--

CREATE TABLE `roles_permissions` (
  `id` bigint(20) UNSIGNED NOT NULL,
  `role_id` bigint(20) UNSIGNED NOT NULL DEFAULT 1,
  `permission_id` bigint(20) UNSIGNED NOT NULL DEFAULT 1
) ENGINE=InnoDB DEFAULT CHARSET=utf8mb4 COLLATE=utf8mb4_unicode_ci;

--
-- Дамп данных таблицы `roles_permissions`
--

INSERT INTO `roles_permissions` (`id`, `role_id`, `permission_id`) VALUES
(1, 5, 1),
(2, 5, 2),
(3, 5, 3),
(4, 5, 4),
(5, 5, 5),
(6, 5, 6),
(7, 5, 7),
(8, 5, 8),
(9, 5, 9),
(10, 5, 10),
(11, 5, 11),
(12, 5, 12),
(13, 5, 13),
(14, 5, 14),
(15, 5, 15),
(16, 5, 16),
(17, 5, 17),
(18, 5, 18),
(19, 5, 19),
(24, 2, 2),
(25, 2, 5),
(26, 2, 6),
(27, 2, 7),
(28, 2, 18),
(29, 3, 2),
(30, 3, 4),
(31, 3, 7),
(32, 3, 8),
(33, 3, 9),
(34, 3, 19),
(35, 4, 2),
(36, 4, 10),
(37, 4, 11),
(39, 4, 17),
(41, 1, 1),
(42, 1, 2),
(43, 1, 3),
(44, 1, 4),
(47, 5, 20),
(48, 4, 21),
(49, 5, 21);

-- --------------------------------------------------------

--
-- Структура таблицы `schools`
--

CREATE TABLE `schools` (
  `id` bigint(20) UNSIGNED NOT NULL,
  `name` varchar(255) COLLATE utf8mb4_unicode_ci NOT NULL,
  `admin_id` bigint(20) UNSIGNED DEFAULT NULL,
  `cook_id` bigint(20) UNSIGNED DEFAULT NULL
) ENGINE=InnoDB DEFAULT CHARSET=utf8mb4 COLLATE=utf8mb4_unicode_ci;

--
-- Дамп данных таблицы `schools`
--

INSERT INTO `schools` (`id`, `name`, `admin_id`, `cook_id`) VALUES
(1, 'Общеобразовательная школа I-III ступеней № 1', 2, 5),
(2, 'Загальноосвітня школа I-III ступеней № 2', 3, 4),
(3, 'Общеобразовательная школа I-III ступеней № 3', 4, 6),
(4, 'Общеобразовательная школа I-III ступеней № 4', 8, NULL),
(5, 'Общеобразовательная школа I-III ступеней № 5', 7, NULL),
(6, 'Общеобразовательная школа I-III ступеней № 6', NULL, NULL),
(7, 'Общеобразовательная школа I-III ступеней № 8', NULL, NULL),
(8, 'Общеобразовательная школа I-III ступеней № 9', NULL, NULL),
(9, 'Общеобразовательная школа I-III ступеней № 10', NULL, NULL),
(10, 'Общеобразовательная школа I-III ступеней № 11', NULL, NULL),
(11, 'Общеобразовательная школа I-III ступеней № 12', NULL, NULL),
(12, 'Общеобразовательная школа I-II ступеней № 13', NULL, NULL),
(13, 'Общеобразовательная школа I-III ступеней № 15', NULL, NULL),
(14, 'Общеобразовательная школа I-III ступеней № 16', NULL, NULL),
(15, 'Общеобразовательная школа I-III ступеней № 17', NULL, NULL),
(16, 'Общеобразовательная школа I-III ступеней № 18', NULL, NULL),
(17, 'Общеобразовательная школа I-III ступеней № 19', NULL, NULL),
(18, 'Общеобразовательная школа I-III ступеней № 20', NULL, NULL),
(19, 'Общеобразовательная школа I-II ступеней № 21', NULL, NULL),
(20, 'Общеобразовательная школа I-III ступеней № 22', NULL, NULL),
(21, 'Общеобразовательная школа I-III ступеней № 23', NULL, NULL),
(22, 'Общеобразовательная школа I-III ступеней № 24', NULL, NULL),
(23, 'Общеобразовательная школа I-III ступеней № 25', NULL, NULL),
(24, 'Общеобразовательная школа I-III ступеней № 26', NULL, NULL),
(25, 'Общеобразовательная школа I-II ступеней № 28', NULL, NULL),
(26, 'Общеобразовательная школа I-III ступеней № 30', NULL, NULL),
(27, 'Общеобразовательная школа I-III ступеней № 31', NULL, NULL),
(28, 'Общеобразовательная школа I-III ступеней № 32', NULL, NULL),
(29, 'Общеобразовательная школа I-III ступеней № 33', NULL, NULL),
(30, 'Общеобразовательная школа I-III ступеней № 35', NULL, NULL),
(31, 'Общеобразовательная школа-интернат I-II ступеней № 3', NULL, NULL),
(32, 'Краматорская украинская гимназия', NULL, NULL),
(33, 'Межшкольный учебно-производственный комбинат', NULL, NULL);

-- --------------------------------------------------------

--
-- Структура таблицы `school_classes`
--

CREATE TABLE `school_classes` (
  `id` bigint(20) UNSIGNED NOT NULL,
  `name` varchar(255) COLLATE utf8mb4_unicode_ci NOT NULL,
  `school_id` bigint(20) UNSIGNED NOT NULL,
  `teacher_id` bigint(20) UNSIGNED DEFAULT NULL,
  `break_id` bigint(20) UNSIGNED DEFAULT NULL,
  `category_id` bigint(20) UNSIGNED DEFAULT NULL
) ENGINE=InnoDB DEFAULT CHARSET=utf8mb4 COLLATE=utf8mb4_unicode_ci;

--
-- Дамп данных таблицы `school_classes`
--

INSERT INTO `school_classes` (`id`, `name`, `school_id`, `teacher_id`, `break_id`, `category_id`) VALUES
(1, '1-А', 2, 7, 1, 1),
(2, '2-В', 2, NULL, 2, 1),
(3, '1-Б', 2, 6, 1, 1),
(4, '5-А', 1, 2, 6, 2),
(5, '1-А', 4, NULL, 7, 1),
(6, '1-А', 5, NULL, 13, 1),
(7, '1-А', 1, NULL, 4, 1),
(8, '1-Б', 1, NULL, 4, 1),
(9, '1-В', 1, NULL, 4, 1),
(10, '11-А', 1, NULL, NULL, NULL),
(11, '11-Б', 1, NULL, NULL, NULL),
(12, '2-А', 1, NULL, NULL, NULL);

-- --------------------------------------------------------

--
-- Структура таблицы `sizes`
--

CREATE TABLE `sizes` (
  `id` bigint(20) UNSIGNED NOT NULL,
  `size` bigint(20) NOT NULL,
  `factor` double NOT NULL
) ENGINE=InnoDB DEFAULT CHARSET=utf8mb4 COLLATE=utf8mb4_unicode_ci;

--
-- Дамп данных таблицы `sizes`
--

INSERT INTO `sizes` (`id`, `size`, `factor`) VALUES
(1, 25, 0.025),
(2, 50, 0.05),
(3, 100, 0.1),
(4, 150, 0.15),
(5, 200, 0.2),
(6, 1000, 1),
(7, 250, 0.25),
(8, 300, 0.3),
(9, 75, 0.075);

-- --------------------------------------------------------

--
-- Структура таблицы `students`
--

CREATE TABLE `students` (
  `id` bigint(20) UNSIGNED NOT NULL,
  `fullname` varchar(255) COLLATE utf8mb4_unicode_ci NOT NULL,
  `class_id` bigint(20) UNSIGNED DEFAULT NULL,
  `privilege` tinyint(1) NOT NULL DEFAULT 0
) ENGINE=InnoDB DEFAULT CHARSET=utf8mb4 COLLATE=utf8mb4_unicode_ci;

--
-- Дамп данных таблицы `students`
--

INSERT INTO `students` (`id`, `fullname`, `class_id`, `privilege`) VALUES
(1, 'Петров Петро Петрович', 1, 1),
(2, 'Іванова Марія Степанівна', 1, 0),
(3, 'Вікторова Ганна Сергіївна', 1, 0),
(4, 'П\'яточкин Петрик Батькович', 1, 0),
(5, 'Рень Ява', 1, 0),
(6, 'учень 1', 1, 0),
(7, 'учень 2', 1, 0),
(8, 'учень 3', 1, 0),
(9, 'Учень 4', 1, 0),
(10, 'Учень 5', 1, 0),
(11, 'Учень 6', 1, 0),
(12, 'Учень 7', 1, 0),
(13, 'Учень 8', 1, 0),
(14, 'Учень 9', 1, 0),
(15, 'Учень 10', 1, 0),
(16, 'Учень 1 5-А ОШ 1', 4, 0),
(17, 'Учень 11', 1, 0),
(18, 'Рень Ява', 1, 1),
(21, 'Учень 2 5-А ОШ 1', 4, 0),
(22, 'Учень 3 5-А ОШ 1', 4, 0);

-- --------------------------------------------------------

--
-- Структура таблицы `types`
--

CREATE TABLE `types` (
  `id` bigint(20) UNSIGNED NOT NULL,
  `sort` bigint(20) NOT NULL,
  `name` varchar(255) COLLATE utf8mb4_unicode_ci NOT NULL
) ENGINE=InnoDB DEFAULT CHARSET=utf8mb4 COLLATE=utf8mb4_unicode_ci;

--
-- Дамп данных таблицы `types`
--

INSERT INTO `types` (`id`, `sort`, `name`) VALUES
(1, 1, 'Перші страви'),
(2, 2, 'Другі страви'),
(3, 3, 'Бутерброди та закуски'),
(4, 4, 'Салати'),
(5, 5, 'Гарніри'),
(6, 6, 'Солодкі страви'),
(7, 7, 'Соуси та заправки'),
(8, 8, 'Напої');

-- --------------------------------------------------------

--
-- Структура таблицы `users`
--

CREATE TABLE `users` (
  `id` bigint(20) UNSIGNED NOT NULL,
  `phone` varchar(255) COLLATE utf8mb4_unicode_ci NOT NULL,
  `email` varchar(255) COLLATE utf8mb4_unicode_ci NOT NULL,
  `firstname` varchar(255) COLLATE utf8mb4_unicode_ci NOT NULL,
  `middlename` varchar(255) COLLATE utf8mb4_unicode_ci NOT NULL,
  `lastname` varchar(255) COLLATE utf8mb4_unicode_ci NOT NULL,
  `sex` enum('female','male') COLLATE utf8mb4_unicode_ci NOT NULL DEFAULT 'female',
  `email_verified_at` timestamp NULL DEFAULT NULL,
  `password` varchar(255) COLLATE utf8mb4_unicode_ci NOT NULL,
  `remember_token` varchar(100) COLLATE utf8mb4_unicode_ci DEFAULT NULL,
  `created_at` timestamp NULL DEFAULT NULL,
  `updated_at` timestamp NULL DEFAULT NULL
) ENGINE=InnoDB DEFAULT CHARSET=utf8mb4 COLLATE=utf8mb4_unicode_ci;

--
-- Дамп данных таблицы `users`
--

INSERT INTO `users` (`id`, `phone`, `email`, `firstname`, `middlename`, `lastname`, `sex`, `email_verified_at`, `password`, `remember_token`, `created_at`, `updated_at`) VALUES
(2, '0955218618', 'usatij.alex@gmail.com', 'Олексій', 'Володимирович', 'Піддубний', 'male', '2020-04-21 22:24:34', '$2y$10$3.C1AWUXx4SEBiujAXXKWeOQ2azcorPxVI3KIfqvwfTvrRhcqpMsO', NULL, '2020-02-23 20:55:13', '2020-04-21 22:24:34'),
(3, '0955218619', 'ivanov@gmail.com', 'Іван', 'Іванович', 'Іванов', 'male', NULL, '$2y$10$BSmp6T/eIK8JM0vTlVkaoe.5WxRlPqwB189.iqKstCYLW4svGPkKK', NULL, '2020-03-09 11:46:51', '2020-05-16 17:01:56'),
(4, '0955218617', 'petrov@gmail.com', 'Петро', 'Петрович', 'Петров', 'male', '2020-04-21 22:25:41', '$2y$10$egrtyhpcYPpdROetSQcYnuB0qjVDwnBh6Prz.3FfDm6da.hPtit8y', NULL, '2020-03-15 15:37:20', '2020-04-21 22:25:41'),
(5, '0955218620', 'sidorov@gmail.com', 'Сидір', 'Сидорович', 'Сидоров', 'male', '2020-04-23 21:13:23', '$2y$10$ydJZFyS.3TmoE3JKd4aWsONJ6DexM/y/FMa/LYG4cLaZThZgmI71.', NULL, '2020-03-15 18:10:50', '2020-04-23 21:13:23'),
(6, '0955218621', 'petrova@gmail.com', 'Ганна', 'Петрівна', 'Петрова', 'female', NULL, '$2y$10$m.MjtKgLFQSH6Zu3Tkv5hukbylMVY8J6R6IeidQnqLs2VDyRXJyla', NULL, '2020-03-15 19:04:43', '2020-03-15 19:04:43'),
(7, '0955218621', 'sergeev@gmail.com', 'Сергій', 'Сергійович', 'Сергеєв', 'male', '2020-04-27 18:51:52', '$2y$10$SxtAukU.85hIbPRekx84LeV6OeCI16pevsCLe.ShiB3QVefGhjxfK', NULL, '2020-03-20 09:19:10', '2020-04-27 18:51:52'),
(8, '0999999998', 'iv@gmail.com', 'Іван', 'Іванович', 'Іванов', 'male', NULL, '$2y$10$8EvqlRNGHQAA8emPQVPyV.j5.4.1ZGlRx5eBcTWho2Fa4HxfKk3Za', NULL, '2020-04-21 21:18:28', '2020-04-26 05:49:22'),
(9, '0999999999', 'u1@gmail.com', 'User1', 'User1', 'User1', 'female', '2020-05-16 20:08:48', '$2y$10$ykQyrjKXN/n/qQkvM6YNXODXasxFWyOqAYJgjnIxi1KyqIxueKNkW', NULL, '2020-05-16 20:07:05', '2020-05-16 20:08:48');

-- --------------------------------------------------------

--
-- Структура таблицы `users_roles`
--

CREATE TABLE `users_roles` (
  `id` bigint(20) UNSIGNED NOT NULL,
  `user_id` bigint(20) UNSIGNED NOT NULL DEFAULT 1,
  `role_id` bigint(20) UNSIGNED NOT NULL DEFAULT 1
) ENGINE=InnoDB DEFAULT CHARSET=utf8mb4 COLLATE=utf8mb4_unicode_ci;

--
-- Дамп данных таблицы `users_roles`
--

INSERT INTO `users_roles` (`id`, `user_id`, `role_id`) VALUES
(11, 3, 4),
(15, 2, 4),
(16, 2, 5),
(19, 5, 3),
(20, 4, 3),
(22, 4, 4),
(23, 6, 3),
(24, 6, 4),
(26, 6, 2),
(27, 7, 4),
(28, 7, 2),
(29, 2, 1),
(32, 7, 1),
(39, 2, 2),
(40, 2, 1),
(47, 8, 4),
(48, 2, 1),
(49, 2, 1),
(50, 2, 1),
(51, 2, 1),
(52, 9, 4),
(53, 9, 3);

--
-- Индексы сохранённых таблиц
--

--
-- Индексы таблицы `breaks`
--
ALTER TABLE `breaks`
  ADD PRIMARY KEY (`id`),
  ADD KEY `breaks_school_id_foreign` (`school_id`);

--
-- Индексы таблицы `categories`
--
ALTER TABLE `categories`
  ADD PRIMARY KEY (`id`);

--
-- Индексы таблицы `children_parents`
--
ALTER TABLE `children_parents`
  ADD PRIMARY KEY (`id`),
  ADD KEY `children_parents_parent_id_foreign` (`parent_id`),
  ADD KEY `children_parents_child_id_foreign` (`child_id`);

--
-- Индексы таблицы `courses`
--
ALTER TABLE `courses`
  ADD PRIMARY KEY (`id`),
  ADD KEY `courses_type_id_foreign` (`type_id`);

--
-- Индексы таблицы `courses_lunches`
--
ALTER TABLE `courses_lunches`
  ADD PRIMARY KEY (`id`),
  ADD KEY `courses_lunches_lunch_id_foreign` (`lunch_id`),
  ADD KEY `courses_lunches_course_id_foreign` (`course_id`),
  ADD KEY `courses_lunches_size_id_foreign` (`size_id`);

--
-- Индексы таблицы `courses_products`
--
ALTER TABLE `courses_products`
  ADD PRIMARY KEY (`id`),
  ADD KEY `courses_products_course_id_foreign` (`course_id`),
  ADD KEY `courses_products_product_id_foreign` (`product_id`);

--
-- Индексы таблицы `failed_jobs`
--
ALTER TABLE `failed_jobs`
  ADD PRIMARY KEY (`id`);

--
-- Индексы таблицы `lunches`
--
ALTER TABLE `lunches`
  ADD PRIMARY KEY (`id`),
  ADD KEY `lunches_category_id_foreign` (`category_id`);

--
-- Индексы таблицы `menus`
--
ALTER TABLE `menus`
  ADD PRIMARY KEY (`id`),
  ADD KEY `menus_school_id_foreign` (`school_id`),
  ADD KEY `menus_break_id_foreign` (`break_id`),
  ADD KEY `menus_lunch_id_foreign` (`lunch_id`);

--
-- Индексы таблицы `menu_schoolclasses`
--
ALTER TABLE `menu_schoolclasses`
  ADD PRIMARY KEY (`id`),
  ADD KEY `menu_schoolclasses_menu_id_foreign` (`menu_id`),
  ADD KEY `menu_schoolclasses_school_class_id_foreign` (`school_class_id`);

--
-- Индексы таблицы `migrations`
--
ALTER TABLE `migrations`
  ADD PRIMARY KEY (`id`);

--
-- Индексы таблицы `password_resets`
--
ALTER TABLE `password_resets`
  ADD KEY `password_resets_email_index` (`email`);

--
-- Индексы таблицы `permissions`
--
ALTER TABLE `permissions`
  ADD PRIMARY KEY (`id`);

--
-- Индексы таблицы `products`
--
ALTER TABLE `products`
  ADD PRIMARY KEY (`id`);

--
-- Индексы таблицы `roles`
--
ALTER TABLE `roles`
  ADD PRIMARY KEY (`id`);

--
-- Индексы таблицы `roles_permissions`
--
ALTER TABLE `roles_permissions`
  ADD PRIMARY KEY (`id`),
  ADD KEY `roles_permissions_role_id_foreign` (`role_id`),
  ADD KEY `roles_permissions_permission_id_foreign` (`permission_id`);

--
-- Индексы таблицы `schools`
--
ALTER TABLE `schools`
  ADD PRIMARY KEY (`id`),
  ADD KEY `schools_admin_id_foreign` (`admin_id`) USING BTREE,
  ADD KEY `schools_cook_id_foreign` (`cook_id`);

--
-- Индексы таблицы `school_classes`
--
ALTER TABLE `school_classes`
  ADD PRIMARY KEY (`id`),
  ADD KEY `school_classes_school_id_foreign` (`school_id`),
  ADD KEY `school_classes_teacher_id_foreign` (`teacher_id`),
  ADD KEY `school_classes_break_id_foreign` (`break_id`),
  ADD KEY `school_classes_category_id_foreign` (`category_id`);

--
-- Индексы таблицы `sizes`
--
ALTER TABLE `sizes`
  ADD PRIMARY KEY (`id`);

--
-- Индексы таблицы `students`
--
ALTER TABLE `students`
  ADD PRIMARY KEY (`id`),
  ADD KEY `students_class_id_foreign` (`class_id`);

--
-- Индексы таблицы `types`
--
ALTER TABLE `types`
  ADD PRIMARY KEY (`id`);

--
-- Индексы таблицы `users`
--
ALTER TABLE `users`
  ADD PRIMARY KEY (`id`),
  ADD UNIQUE KEY `users_email_unique` (`email`);

--
-- Индексы таблицы `users_roles`
--
ALTER TABLE `users_roles`
  ADD PRIMARY KEY (`id`),
  ADD KEY `users_roles_user_id_foreign` (`user_id`),
  ADD KEY `users_roles_role_id_foreign` (`role_id`);

--
-- AUTO_INCREMENT для сохранённых таблиц
--

--
-- AUTO_INCREMENT для таблицы `breaks`
--
ALTER TABLE `breaks`
  MODIFY `id` bigint(20) UNSIGNED NOT NULL AUTO_INCREMENT, AUTO_INCREMENT=16;

--
-- AUTO_INCREMENT для таблицы `categories`
--
ALTER TABLE `categories`
  MODIFY `id` bigint(20) UNSIGNED NOT NULL AUTO_INCREMENT, AUTO_INCREMENT=4;

--
-- AUTO_INCREMENT для таблицы `children_parents`
--
ALTER TABLE `children_parents`
  MODIFY `id` bigint(20) UNSIGNED NOT NULL AUTO_INCREMENT, AUTO_INCREMENT=16;

--
-- AUTO_INCREMENT для таблицы `courses`
--
ALTER TABLE `courses`
  MODIFY `id` bigint(20) UNSIGNED NOT NULL AUTO_INCREMENT, AUTO_INCREMENT=33;

--
-- AUTO_INCREMENT для таблицы `courses_lunches`
--
ALTER TABLE `courses_lunches`
  MODIFY `id` bigint(20) UNSIGNED NOT NULL AUTO_INCREMENT, AUTO_INCREMENT=55;

--
-- AUTO_INCREMENT для таблицы `courses_products`
--
ALTER TABLE `courses_products`
  MODIFY `id` bigint(20) UNSIGNED NOT NULL AUTO_INCREMENT, AUTO_INCREMENT=106;

--
-- AUTO_INCREMENT для таблицы `failed_jobs`
--
ALTER TABLE `failed_jobs`
  MODIFY `id` bigint(20) UNSIGNED NOT NULL AUTO_INCREMENT;

--
-- AUTO_INCREMENT для таблицы `lunches`
--
ALTER TABLE `lunches`
  MODIFY `id` bigint(20) UNSIGNED NOT NULL AUTO_INCREMENT, AUTO_INCREMENT=20;

--
-- AUTO_INCREMENT для таблицы `menus`
--
ALTER TABLE `menus`
  MODIFY `id` bigint(20) UNSIGNED NOT NULL AUTO_INCREMENT, AUTO_INCREMENT=10;

--
-- AUTO_INCREMENT для таблицы `menu_schoolclasses`
--
ALTER TABLE `menu_schoolclasses`
  MODIFY `id` bigint(20) UNSIGNED NOT NULL AUTO_INCREMENT;

--
-- AUTO_INCREMENT для таблицы `migrations`
--
ALTER TABLE `migrations`
  MODIFY `id` int(10) UNSIGNED NOT NULL AUTO_INCREMENT, AUTO_INCREMENT=82;

--
-- AUTO_INCREMENT для таблицы `permissions`
--
ALTER TABLE `permissions`
  MODIFY `id` bigint(20) UNSIGNED NOT NULL AUTO_INCREMENT, AUTO_INCREMENT=22;

--
-- AUTO_INCREMENT для таблицы `products`
--
ALTER TABLE `products`
  MODIFY `id` bigint(20) UNSIGNED NOT NULL AUTO_INCREMENT, AUTO_INCREMENT=56;

--
-- AUTO_INCREMENT для таблицы `roles`
--
ALTER TABLE `roles`
  MODIFY `id` bigint(20) UNSIGNED NOT NULL AUTO_INCREMENT, AUTO_INCREMENT=6;

--
-- AUTO_INCREMENT для таблицы `roles_permissions`
--
ALTER TABLE `roles_permissions`
  MODIFY `id` bigint(20) UNSIGNED NOT NULL AUTO_INCREMENT, AUTO_INCREMENT=50;

--
-- AUTO_INCREMENT для таблицы `schools`
--
ALTER TABLE `schools`
  MODIFY `id` bigint(20) UNSIGNED NOT NULL AUTO_INCREMENT, AUTO_INCREMENT=51;

--
-- AUTO_INCREMENT для таблицы `school_classes`
--
ALTER TABLE `school_classes`
  MODIFY `id` bigint(20) UNSIGNED NOT NULL AUTO_INCREMENT, AUTO_INCREMENT=13;

--
-- AUTO_INCREMENT для таблицы `sizes`
--
ALTER TABLE `sizes`
  MODIFY `id` bigint(20) UNSIGNED NOT NULL AUTO_INCREMENT, AUTO_INCREMENT=10;

--
-- AUTO_INCREMENT для таблицы `students`
--
ALTER TABLE `students`
  MODIFY `id` bigint(20) UNSIGNED NOT NULL AUTO_INCREMENT, AUTO_INCREMENT=23;

--
-- AUTO_INCREMENT для таблицы `types`
--
ALTER TABLE `types`
  MODIFY `id` bigint(20) UNSIGNED NOT NULL AUTO_INCREMENT, AUTO_INCREMENT=9;

--
-- AUTO_INCREMENT для таблицы `users`
--
ALTER TABLE `users`
  MODIFY `id` bigint(20) UNSIGNED NOT NULL AUTO_INCREMENT, AUTO_INCREMENT=10;

--
-- AUTO_INCREMENT для таблицы `users_roles`
--
ALTER TABLE `users_roles`
  MODIFY `id` bigint(20) UNSIGNED NOT NULL AUTO_INCREMENT, AUTO_INCREMENT=54;

--
-- Ограничения внешнего ключа сохраненных таблиц
--

--
-- Ограничения внешнего ключа таблицы `breaks`
--
ALTER TABLE `breaks`
  ADD CONSTRAINT `breaks_school_id_foreign` FOREIGN KEY (`school_id`) REFERENCES `schools` (`id`);

--
-- Ограничения внешнего ключа таблицы `children_parents`
--
ALTER TABLE `children_parents`
  ADD CONSTRAINT `children_parents_child_id_foreign` FOREIGN KEY (`child_id`) REFERENCES `students` (`id`),
  ADD CONSTRAINT `children_parents_parent_id_foreign` FOREIGN KEY (`parent_id`) REFERENCES `users` (`id`);

--
-- Ограничения внешнего ключа таблицы `courses`
--
ALTER TABLE `courses`
  ADD CONSTRAINT `courses_type_id_foreign` FOREIGN KEY (`type_id`) REFERENCES `types` (`id`);

--
-- Ограничения внешнего ключа таблицы `courses_lunches`
--
ALTER TABLE `courses_lunches`
  ADD CONSTRAINT `courses_lunches_course_id_foreign` FOREIGN KEY (`course_id`) REFERENCES `courses` (`id`),
  ADD CONSTRAINT `courses_lunches_lunch_id_foreign` FOREIGN KEY (`lunch_id`) REFERENCES `lunches` (`id`),
  ADD CONSTRAINT `courses_lunches_size_id_foreign` FOREIGN KEY (`size_id`) REFERENCES `sizes` (`id`);

--
-- Ограничения внешнего ключа таблицы `courses_products`
--
ALTER TABLE `courses_products`
  ADD CONSTRAINT `courses_products_course_id_foreign` FOREIGN KEY (`course_id`) REFERENCES `courses` (`id`),
  ADD CONSTRAINT `courses_products_product_id_foreign` FOREIGN KEY (`product_id`) REFERENCES `products` (`id`);

--
-- Ограничения внешнего ключа таблицы `lunches`
--
ALTER TABLE `lunches`
  ADD CONSTRAINT `lunches_category_id_foreign` FOREIGN KEY (`category_id`) REFERENCES `categories` (`id`);

--
-- Ограничения внешнего ключа таблицы `menus`
--
ALTER TABLE `menus`
  ADD CONSTRAINT `menus_break_id_foreign` FOREIGN KEY (`break_id`) REFERENCES `breaks` (`id`),
  ADD CONSTRAINT `menus_lunch_id_foreign` FOREIGN KEY (`lunch_id`) REFERENCES `lunches` (`id`),
  ADD CONSTRAINT `menus_school_id_foreign` FOREIGN KEY (`school_id`) REFERENCES `schools` (`id`);

--
-- Ограничения внешнего ключа таблицы `menu_schoolclasses`
--
ALTER TABLE `menu_schoolclasses`
  ADD CONSTRAINT `menu_schoolclasses_menu_id_foreign` FOREIGN KEY (`menu_id`) REFERENCES `menus` (`id`),
  ADD CONSTRAINT `menu_schoolclasses_school_class_id_foreign` FOREIGN KEY (`school_class_id`) REFERENCES `school_classes` (`id`);

--
-- Ограничения внешнего ключа таблицы `roles_permissions`
--
ALTER TABLE `roles_permissions`
  ADD CONSTRAINT `roles_permissions_permission_id_foreign` FOREIGN KEY (`permission_id`) REFERENCES `permissions` (`id`),
  ADD CONSTRAINT `roles_permissions_role_id_foreign` FOREIGN KEY (`role_id`) REFERENCES `roles` (`id`);

--
-- Ограничения внешнего ключа таблицы `schools`
--
ALTER TABLE `schools`
  ADD CONSTRAINT `schools_admin_id_foreign` FOREIGN KEY (`admin_id`) REFERENCES `users` (`id`),
  ADD CONSTRAINT `schools_cook_id_foreign` FOREIGN KEY (`cook_id`) REFERENCES `users` (`id`);

--
-- Ограничения внешнего ключа таблицы `school_classes`
--
ALTER TABLE `school_classes`
  ADD CONSTRAINT `school_classes_break_id_foreign` FOREIGN KEY (`break_id`) REFERENCES `breaks` (`id`),
  ADD CONSTRAINT `school_classes_category_id_foreign` FOREIGN KEY (`category_id`) REFERENCES `categories` (`id`),
  ADD CONSTRAINT `school_classes_school_id_foreign` FOREIGN KEY (`school_id`) REFERENCES `schools` (`id`),
  ADD CONSTRAINT `school_classes_teacher_id_foreign` FOREIGN KEY (`teacher_id`) REFERENCES `users` (`id`);

--
-- Ограничения внешнего ключа таблицы `students`
--
ALTER TABLE `students`
  ADD CONSTRAINT `students_class_id_foreign` FOREIGN KEY (`class_id`) REFERENCES `school_classes` (`id`);

--
-- Ограничения внешнего ключа таблицы `users_roles`
--
ALTER TABLE `users_roles`
  ADD CONSTRAINT `users_roles_role_id_foreign` FOREIGN KEY (`role_id`) REFERENCES `roles` (`id`),
  ADD CONSTRAINT `users_roles_user_id_foreign` FOREIGN KEY (`user_id`) REFERENCES `users` (`id`);
COMMIT;

/*!40101 SET CHARACTER_SET_CLIENT=@OLD_CHARACTER_SET_CLIENT */;
/*!40101 SET CHARACTER_SET_RESULTS=@OLD_CHARACTER_SET_RESULTS */;
/*!40101 SET COLLATION_CONNECTION=@OLD_COLLATION_CONNECTION */;
